num,sequance,probabilities
0,1012002021211211120333302000103003010030303300010203333301102120201000110021200300302000112101121021,0.24796747967479674-0.21138211382113822-0.2073170731707317-0.3333333333333333
0,3321222123033130033132212313303123000312121231303221230303121213033000323230313032313000030000331233,0.24796747967479674-0.21138211382113822-0.2073170731707317-0.3333333333333333
0,1011111110000011101011001101010100011011101111111000100100111000111010010011001011101010011001100111,0.24796747967479674-0.21138211382113822-0.2073170731707317-0.3333333333333333
0,2130312121212131312021302021313020213030312031212020313020213121203030212021213131302131312031303021,0.24796747967479674-0.21138211382113822-0.2073170731707317-0.3333333333333333
1,0110330021012110333300333033300110200110330111003300202100211121203030112030010210200212121003300333,0.13733905579399142-0.3218884120171674-0.38197424892703863-0.15879828326180256
1,0313212123003321303003212300003032313300003231312332123332330003033230030003133130321333121233003000,0.13733905579399142-0.3218884120171674-0.38197424892703863-0.15879828326180256
1,1101001001011100010111110111100000110011010100010001001011000101111011101111101100101010001010000001,0.13733905579399142-0.3218884120171674-0.38197424892703863-0.15879828326180256
1,1213131303130203130302120203031312130312031203130213130313131212031312030212120313020202031202130213,0.13733905579399142-0.3218884120171674-0.38197424892703863-0.15879828326180256
2,0021021110211020110303020112012020212120020301021212002010103011001020110203303030000020303301020102,0.3218390804597701-0.11877394636015326-0.36015325670498083-0.19923371647509577
2,2123233213232132130313331223303212312223131212222123232123303032321230031321333313322121231322121321,0.3218390804597701-0.11877394636015326-0.36015325670498083-0.19923371647509577
2,1011001010111011111101000001011110000010001101100101000110001110110111111100001111010111011101010101,0.3218390804597701-0.11877394636015326-0.36015325670498083-0.19923371647509577
2,3131202121213021302121303020303031202131302020213130312130303121213130302120213121212031313031302131,0.3218390804597701-0.11877394636015326-0.36015325670498083-0.19923371647509577
3,2000210202033021020200200200330303303012020003330330021202111001120112121030210210333301030021210112,0.4745762711864407-0.3615819209039548-0.12994350282485875-0.03389830508474576
3,0000003003122212312213232230322223000312133133131300312303003131322131223133122222231303303331313003,0.4745762711864407-0.3615819209039548-0.12994350282485875-0.03389830508474576
3,1110000111000110010110110100110101101000000000100111110000110100011011001110111010011100001110110001,0.4745762711864407-0.3615819209039548-0.12994350282485875-0.03389830508474576
3,3120313131312120312021312121303031313030202121203131212131313031303130212130313121303121303030303121,0.4745762711864407-0.3615819209039548-0.12994350282485875-0.03389830508474576
4,3020103330211112021211002121121100112101201210101002033333302011112103010112021120200101121211202033,0.18699186991869918-0.3008130081300813-0.4634146341463415-0.04878048780487805
4,3000300000031300003003332313323003003233033213233231212213000333322212303312222133122222221221322123,0.18699186991869918-0.3008130081300813-0.4634146341463415-0.04878048780487805
4,2322332332233333322223233333233322233332233222233233322223323323323223232223322322333333222332233232,0.18699186991869918-0.3008130081300813-0.4634146341463415-0.04878048780487805
4,0303030303131303021213020302131212120302020213031213120303030203120203021212021213130302131313120302,0.18699186991869918-0.3008130081300813-0.4634146341463415-0.04878048780487805
5,0202102101111210021203300120121003300202110011100302030102020110020012001020110330211211201002102121,0.489247311827957-0.3817204301075269-0.03763440860215054-0.0913978494623656
5,0030000303330330003003232303000312121300322232132122312212133212132323213300300030003003331300003122,0.489247311827957-0.3817204301075269-0.03763440860215054-0.0913978494623656
5,3233233233223223333332322332322232232333222322333223223333222323233233223332223223323222223233323222,0.489247311827957-0.3817204301075269-0.03763440860215054-0.0913978494623656
5,1303121312020312030213021213121212130313131202021303030303030312121303131312030303021302030202031203,0.489247311827957-0.3817204301075269-0.03763440860215054-0.0913978494623656
6,3010203033010302012111212102112112120203020011112100112012121110021002033330021211202102030021020033,0.19285714285714287-0.45-0.1357142857142857-0.22142857142857142
6,3032330300033300032300032131303031223313123213212312213222122122300000312231212133131213331223030030,0.19285714285714287-0.45-0.1357142857142857-0.22142857142857142
6,3323322233232232332322223232223323223232322232223332323333233322332333333333332323333222232333333332,0.19285714285714287-0.45-0.1357142857142857-0.22142857142857142
6,3130202030213030213131203121303030202031213121213021303030302121203131202021302130213130212020203130,0.19285714285714287-0.45-0.1357142857142857-0.22142857142857142
7,3303011021102111212001212102033330103330333330303012012110110033303301010300030020021102010030033011,0.15261044176706828-0.3895582329317269-0.30522088353413657-0.15261044176706828
7,3231213312233033123313231312333230321300331321313000303222121222131303313303313130312312312133231222,0.15261044176706828-0.3895582329317269-0.30522088353413657-0.15261044176706828
7,1111000111000101100100000101100001110111101111111010101011101011110101000110011011000111010011110010,0.15261044176706828-0.3895582329317269-0.30522088353413657-0.15261044176706828
7,0203031213120302131202021213131313120212030212020303030203130303131302131202121202121313120212120202,0.15261044176706828-0.3895582329317269-0.30522088353413657-0.15261044176706828
8,2000110210121203012010333302001100033012101202100000111121021100121103333030000301112003333003020112,0.38392857142857145-0.18303571428571427-0.14732142857142858-0.2857142857142857
8,0030003222132231312123122322133032130003300032213123132132131213033133321332212330032133000030312123,0.38392857142857145-0.18303571428571427-0.14732142857142858-0.2857142857142857
8,0110111101111010000111100100010110001101101111010000010101101110000010011011010111010011100000011001,0.38392857142857145-0.18303571428571427-0.14732142857142858-0.2857142857142857
8,2030303131203031212020302120313021302120313120313131203021202131303121313030202021202121213030313130,0.38392857142857145-0.18303571428571427-0.14732142857142858-0.2857142857142857
9,2121101021100110201110203301030000100330003012100010101020120002021003010000210010303333002120121020,0.3617021276595745-0.0-0.3351063829787234-0.30319148936170215
9,3121303032133132303130331332213122213123122313332122232222122232213231223313133221312213221313300323,0.3617021276595745-0.0-0.3351063829787234-0.30319148936170215
9,0011110100001111010001100010100101110110010110011110110110100110100001001110001011001111110111010000,0.3617021276595745-0.0-0.3351063829787234-0.30319148936170215
9,1213021212120212021303031212030202021303031303031213020313121312020212120213020202121312120302120303,0.3617021276595745-0.0-0.3351063829787234-0.30319148936170215
10,1002002001212001002000202112033033030101121200201101200300021002021002001121101120203333020011033333,0.26380368098159507-0.39263803680981596-0.15950920245398773-0.18404907975460122
10,0003230003131323213130330323233121300312132130321212133130000000000000303313330313232232223300322223,0.26380368098159507-0.39263803680981596-0.15950920245398773-0.18404907975460122
10,1011110011111111000110000011000001110110101111000100011100111111110000011100000010001001111011011001,0.26380368098159507-0.39263803680981596-0.15950920245398773-0.18404907975460122
10,1212131312130303020212120203130302131303120203030313020312130312021303031202130203131312020202021302,0.26380368098159507-0.39263803680981596-0.15950920245398773-0.18404907975460122
11,3011101112033303001201201011112120301211011120211110011021010203030020330033333303021110020021101000,0.21138211382113822-0.12195121951219512-0.18699186991869918-0.4796747967479675
11,0300321232131312232132213213300033031322212233133131222130312222121333122130003312213233031213122132,0.21138211382113822-0.12195121951219512-0.18699186991869918-0.4796747967479675
11,0100101010100111111101111111001001100110111101000000001010000100100000100010100111101000000100101010,0.21138211382113822-0.12195121951219512-0.18699186991869918-0.4796747967479675
11,2121212021312031302121212021212121212121302121213020213020302031212030202030213120302030312130312120,0.21138211382113822-0.12195121951219512-0.18699186991869918-0.4796747967479675
12,1030120303010203030010333302021011201000210201201210211210021030111210302020033303302121200030103303,0.2801724137931034-0.1724137931034483-0.3620689655172414-0.1853448275862069
12,3003032300031213300032223130331213213031222132232313003033300333123122122131221300000000032312132230,0.2801724137931034-0.1724137931034483-0.3620689655172414-0.1853448275862069
12,3222332322223233233223323332223222232332332223233233232323233233323223332333232323222333323233233232,0.2801724137931034-0.1724137931034483-0.3620689655172414-0.1853448275862069
12,2031212020213121203020302020212031202030213021202121302131203131303131302021313130202030303120312021,0.2801724137931034-0.1724137931034483-0.3620689655172414-0.1853448275862069
13,2100301002003011020011003000101202003303302101211002110200202102102112110011000012110333020003330011,0.0189873417721519-0.41139240506329117-0.24050632911392406-0.3291139240506329
13,2212123032130031312222300003233000332213132230303232303223130323032213132222121312303123331312321322,0.0189873417721519-0.41139240506329117-0.24050632911392406-0.3291139240506329
13,0101001001111001011111000110011001011111011110010100100011011000100110100110100100110011000001000100,0.0189873417721519-0.41139240506329117-0.24050632911392406-0.3291139240506329
13,1212130212030313120302020203020202020303131312031303021203031202130312031303031313031213131202030213,0.0189873417721519-0.41139240506329117-0.24050632911392406-0.3291139240506329
14,1120021002020300020211120201101001212020030000012100211100333333020121121002111033033002010203021121,0.1013215859030837-0.19383259911894274-0.3744493392070485-0.3303964757709251
14,0030321323313133223031222230321213313321300303133213000003232313122330000300000312213313333003121313,0.1013215859030837-0.19383259911894274-0.3744493392070485-0.3303964757709251
14,2332233222232323332223223233333332332223233223333233322233333233323332222222323223232323222222333223,0.1013215859030837-0.19383259911894274-0.3744493392070485-0.3303964757709251
14,3120313031312020312031202030203031203030312020303121213130203120203121312121213121213020212031303030,0.1013215859030837-0.19383259911894274-0.3744493392070485-0.3303964757709251
15,3330333301120102011121121201112011100212010001012110121021211110212021203030210302011112102111201212,0.5547945205479452-0.3287671232876712-0.0821917808219178-0.03424657534246575
15,0000323121231222132122133131300000030300331233032313000003131212121313313313230000030312213003303030,0.5547945205479452-0.3287671232876712-0.0821917808219178-0.03424657534246575
15,0110011001010000011011010111011101010010100110001001101110100111110111011000101100100110101101000000,0.5547945205479452-0.3287671232876712-0.0821917808219178-0.03424657534246575
15,3030203031302121313020302020302121303130312021203121313020213130212131213121202030313030303030313131,0.5547945205479452-0.3287671232876712-0.0821917808219178-0.03424657534246575
16,1212001033330100303033301121100103330333010203333012003030200201010001211211000212033033010330112000,0.31896551724137934-0.23706896551724138-0.021551724137931036-0.4224137931034483
16,2132122222212212212222313032131223031303232212133000032213123232212121331233212322223033303300313133,0.31896551724137934-0.23706896551724138-0.021551724137931036-0.4224137931034483
16,1111010100100010110110001010010010100010011011001010000111100100100101101010111000100011101111101110,0.31896551724137934-0.23706896551724138-0.021551724137931036-0.4224137931034483
16,1302131303120212020203021313130212120202131213131312020203020203021203131212120202130312120203030302,0.31896551724137934-0.23706896551724138-0.021551724137931036-0.4224137931034483
17,2033333011101021021203003301033033330202001010100020121030212112120120102110100112012103011020202030,0.23773584905660378-0.22641509433962265-0.1660377358490566-0.36981132075471695
17,2121331231331212121313031331321321303313213231313133321221221233133331312303121321221213003221303213,0.23773584905660378-0.22641509433962265-0.1660377358490566-0.36981132075471695
17,2333322233332333222323333233333333222222233333332223322223233333233232333222222322322323332322323332,0.23773584905660378-0.22641509433962265-0.1660377358490566-0.36981132075471695
17,0203030203020213121303020303030202120202020203020202120213120303131203121303130213031313121202021302,0.23773584905660378-0.22641509433962265-0.1660377358490566-0.36981132075471695
18,2120121021002010330330010120003330330120333300210111020211121003020121011211112003002033001103303020,0.17708333333333334-0.3333333333333333-0.1527777777777778-0.3368055555555556
18,3000030031212313322300300300030312213123212312231322130032122133312212221303303000331213313232313000,0.17708333333333334-0.3333333333333333-0.1527777777777778-0.3368055555555556
18,3233323223333322322333322222323223323233322323333233323333332232332332332333333332233232222322223222,0.17708333333333334-0.3333333333333333-0.1527777777777778-0.3368055555555556
18,1212030302131212030302130212130213021212020203031303020303020302120313130203020302030303131202030213,0.17708333333333334-0.3333333333333333-0.1527777777777778-0.3368055555555556
19,1212111003330300203303021202110201011120301101001211002101210211211020330000001120212000121030010201,0.15873015873015872-0.12698412698412698-0.3253968253968254-0.3888888888888889
19,2230030312231322212303000330322212212332300003031230003322130003132331300323333000300313213000032232,0.15873015873015872-0.12698412698412698-0.3253968253968254-0.3888888888888889
19,0001110010010101000101111101101100110110111110101101000010011110111010101000010110110100011010111010,0.15873015873015872-0.12698412698412698-0.3253968253968254-0.3888888888888889
19,1303031212130213130212121303131303021203131313121213120313120313030312131312130302120313031213021303,0.15873015873015872-0.12698412698412698-0.3253968253968254-0.3888888888888889
20,2100212002121211033033300000103020020112121103010303302112120110203020001203333020120101110120201030,0.25630252100840334-0.1638655462184874-0.37815126050420167-0.20168067226890757
20,3212231212133121232212231221223130033003230033322212133313133323031230322313031231303230300000000321,0.25630252100840334-0.1638655462184874-0.37815126050420167-0.20168067226890757
20,2323222332333333322222232323332233232333232223222322232222332322322232323222222223232223233223322322,0.25630252100840334-0.1638655462184874-0.37815126050420167-0.20168067226890757
20,3120212130212131313021313021213120302021303020212120303131312120212131203030302120203020313130213020,0.25630252100840334-0.1638655462184874-0.37815126050420167-0.20168067226890757
21,0001121110212101121000111201212121000020333333012103333030020020210202120212000301211212030330330200,0.09090909090909091-0.42424242424242425-0.1038961038961039-0.38095238095238093
21,2323133213231233300033322133222231231300000330303121221323121331222221333000323322132323230312332332,0.09090909090909091-0.42424242424242425-0.1038961038961039-0.38095238095238093
21,2322333322233322332222223333332333232322223223223332333232323223322222333323223333333322232233322323,0.09090909090909091-0.42424242424242425-0.1038961038961039-0.38095238095238093
21,2120212021313031302130302031302021312021212031213021203030312131313130202120213021312130313131203020,0.09090909090909091-0.42424242424242425-0.1038961038961039-0.38095238095238093
22,0003333012010211101121112000212111010212101121121121021033303012102111020210020302121103300330121110,0.12658227848101267-0.35443037974683544-0.41139240506329117-0.10759493670886076
22,0003213303313122312212122312213030300033303131212122321231212231313332132131232221223230000003232131,0.12658227848101267-0.35443037974683544-0.41139240506329117-0.10759493670886076
22,0000010010000101110101000001110010011111111101110010001010101111001100000000011110000101001111110011,0.12658227848101267-0.35443037974683544-0.41139240506329117-0.10759493670886076
22,1212021312031202120302020212130212130312020202020203120313031312030202021203121212021202121203021203,0.12658227848101267-0.35443037974683544-0.41139240506329117-0.10759493670886076
23,2112003021210003300011200020112100112011020303021121120020301103021100030121212100210202030120300102,0.3184713375796178-0.12738853503184713-0.16560509554140126-0.3885350318471338
23,1312303133033331322313303222300303221230333003130332231321333122123121233132223323031212213231331221,0.3184713375796178-0.12738853503184713-0.16560509554140126-0.3885350318471338
23,2222323233233223223232333232232333223322332222322333323333222322323233323223323232232223323332222233,0.3184713375796178-0.12738853503184713-0.16560509554140126-0.3885350318471338
23,0213030302130303031203020203021313021302130313120312121303030303120313131313030313030312030213131213,0.3184713375796178-0.12738853503184713-0.16560509554140126-0.3885350318471338
24,1212002010200003302030202020203303301011021012103301012020210202121110112010000210030112121101033330,0.3241758241758242-0.43956043956043955-0.19230769230769232-0.04395604395604396
24,2231303332212131222130000030303121323130312321333033130000300000323030312233322121323003212233331322,0.3241758241758242-0.43956043956043955-0.19230769230769232-0.04395604395604396
24,1000010110101111110101110110100000001010000100011100110001001101011011111110000010101111101100001101,0.3241758241758242-0.43956043956043955-0.19230769230769232-0.04395604395604396
24,2130313130203021302120303120203131213021213130303121302131202120303120202020202021213130212030203021,0.3241758241758242-0.43956043956043955-0.19230769230769232-0.04395604395604396
25,3300301210330003330333021212100300021033010330110330302110300102102033011103002033010203011202010330,0.226890756302521-0.23949579831932774-0.40336134453781514-0.13025210084033614
25,2122121331230032213213132131212300300000003123130031223130300003131232221312333030031233123133303003,0.226890756302521-0.23949579831932774-0.40336134453781514-0.13025210084033614
25,0101100000010000010010000001100000110101010110111010010000111011010100101010110000010100100011100010,0.226890756302521-0.23949579831932774-0.40336134453781514-0.13025210084033614
25,0302120312030312130303131212130213120313120212031313131302131302120313020313130213021203130203031213,0.226890756302521-0.23949579831932774-0.40336134453781514-0.13025210084033614
26,1002110330102111033301200303000211121003330011101110203010330333020011101201002030211203012111211010,0.3464566929133858-0.03937007874015748-0.3937007874015748-0.2204724409448819
26,1303033121222133213231303221213231303322321223031231230330322303313231330000332123133121222323332312,0.3464566929133858-0.03937007874015748-0.3937007874015748-0.2204724409448819
26,1100000110000111000010011111110110011001101110101100100100010100110010111011000001000100111101010101,0.3464566929133858-0.03937007874015748-0.3937007874015748-0.2204724409448819
26,1312021313130302131203130312121303131213120303030312121313120212130212120303130303131313021213021202,0.3464566929133858-0.03937007874015748-0.3937007874015748-0.2204724409448819
27,3302011000201202021012110203030103302033030030002112121201100333000330100211120211210203333012121120,0.4166666666666667-0.24537037037037038-0.046296296296296294-0.2916666666666667
27,1213300323300312300321333223130003030303003133122232123132331322222232312131233003231221223032232212,0.4166666666666667-0.24537037037037038-0.046296296296296294-0.2916666666666667
27,1010001110010010111001100011111110111101101011010100111101001100010011011000001011100010011110010010,0.4166666666666667-0.24537037037037038-0.046296296296296294-0.2916666666666667
27,0203021303030202021302031212031212020213021203131202121213020203020202131302020313130202131202031303,0.4166666666666667-0.24537037037037038-0.046296296296296294-0.2916666666666667
28,3330303033300110301211100203030200020212011021211112102121212020102002121121201212112011101030110121,0.007246376811594203-0.2753623188405797-0.13768115942028986-0.5797101449275363
28,0312212231213313312133132330030332303122312300033123123223300032232130003303333213032231222232122312,0.007246376811594203-0.2753623188405797-0.13768115942028986-0.5797101449275363
28,2322332332233332222332332332233322333322222223323332223222222233322232332222223333222322333223332222,0.007246376811594203-0.2753623188405797-0.13768115942028986-0.5797101449275363
28,2020202031313020303131213021302120213121313031213031313131213020302130312130302020313131302130302130,0.007246376811594203-0.2753623188405797-0.13768115942028986-0.5797101449275363
29,3011121211003000302000212012011212103012003030212001201200333000333302112120100120300010011202110211,0.09202453987730061-0.32515337423312884-0.1411042944785276-0.44171779141104295
29,3232333331313303212221231230031222123312222121313230332313221213130332123123233222232313122213303032,0.09202453987730061-0.32515337423312884-0.1411042944785276-0.44171779141104295
29,0010100100011000010100111101110110101010010010001110001110111011010100111101100000100100100110101001,0.09202453987730061-0.32515337423312884-0.1411042944785276-0.44171779141104295
29,1202030213131203020212021213021303031202021203030202030203120303130213031302030213020202130302020313,0.09202453987730061-0.32515337423312884-0.1411042944785276-0.44171779141104295
30,1202121101100300101020211021202020102101110210010103301211000300021200110201212101112101203300033021,0.43005181347150256-0.08808290155440414-0.45595854922279794-0.025906735751295335
30,1312230300033032121231231323231212221221232233223212331213321222300032212231221313333213003230000031,0.43005181347150256-0.08808290155440414-0.45595854922279794-0.025906735751295335
30,2323322223332222222333232233333232233333332223333323323322223223233223233323232223333323332232333222,0.43005181347150256-0.08808290155440414-0.45595854922279794-0.025906735751295335
30,3030213020212030212131202031213121302020212131202131312021303120203121312130212021203020312130212021,0.43005181347150256-0.08808290155440414-0.45595854922279794-0.025906735751295335
31,1212102120210121201030003302002103020033012011120300112020212033012021121111202101012012012120002003,0.15432098765432098-0.5555555555555556-0.25925925925925924-0.030864197530864196
31,1323030312212222221222132123032221233132231331312300313003121321321333233231330313130323123221213322,0.15432098765432098-0.5555555555555556-0.25925925925925924-0.030864197530864196
31,3223333333333223333233232223333232222333332223233322232222223233333322222222333332323222223232233222,0.15432098765432098-0.5555555555555556-0.25925925925925924-0.030864197530864196
31,3131213121213021203030302021202020213130213131202030312031313021302020313120313021212020203031212020,0.15432098765432098-0.5555555555555556-0.25925925925925924-0.030864197530864196
32,1212003300301202021210200020303010030110200303012030210102021211200030211211012012121211003011021202,0.3527272727272727-0.3490909090909091-0.01818181818181818-0.28
32,1300031332330003313332121212300003212312130332221323130313131322313231303032300303133332321332303322,0.3527272727272727-0.3490909090909091-0.01818181818181818-0.28
32,1001101011001110010011011110011000101100110101011010101001001100001010111110000110110010011100010010,0.3527272727272727-0.3490909090909091-0.01818181818181818-0.28
32,2030212131312030202030303120212021302131213130202021303021302021213130302030202030212021312021203121,0.3527272727272727-0.3490909090909091-0.01818181818181818-0.28
33,2030210020033301210110301110211010011002112102030211121210201212030330000112000112120111201012103300,0.47878787878787876-0.13333333333333333-0.024242424242424242-0.36363636363636365
33,0031321233313003222121212230323133130333130300321303030323003222122131230332133330303221232231323133,0.47878787878787876-0.13333333333333333-0.024242424242424242-0.36363636363636365
33,3223223333223333223332323332223233323233232333322332322222222322233323222232323333222333332332232233,0.47878787878787876-0.13333333333333333-0.024242424242424242-0.36363636363636365
33,3030303120203030213121312030213031302130203021213031203121303020213130313130203030212131312030302131,0.47878787878787876-0.13333333333333333-0.024242424242424242-0.36363636363636365
34,3033000101200302121201112121212021121033301212021021120210020121121121112121112121121210102100021001,0.07964601769911504-0.28761061946902655-0.19469026548672566-0.43805309734513276
34,2130312132212300033130003213223322223212212300330032312212130313231213300003303303333312323222213312,0.07964601769911504-0.28761061946902655-0.19469026548672566-0.43805309734513276
34,3232233233322323233332322333233223322323322223323332223223323333222323222323232322223332222322323232,0.07964601769911504-0.28761061946902655-0.19469026548672566-0.43805309734513276
34,1313120313021212121302030303030202020202020212131212031312131302031212121313031212031213120313130202,0.07964601769911504-0.28761061946902655-0.19469026548672566-0.43805309734513276
35,2111030203302011003333333002112001103021121101101210121203302030212102011100202030121201112021212012,0.29385964912280704-0.4298245614035088-0.06140350877192982-0.2149122807017544
35,1232323212330030000333331303031332121312322131213133033223233133231212130032303222122233003212313212,0.29385964912280704-0.4298245614035088-0.06140350877192982-0.2149122807017544
35,3223223332223333332333323333222332232222222332233332222222222332332222233333233332332333333233323223,0.29385964912280704-0.4298245614035088-0.06140350877192982-0.2149122807017544
35,1302121313031303030302121203031312020302020302020313030213020303031303121212131203131313121312131202,0.29385964912280704-0.4298245614035088-0.06140350877192982-0.2149122807017544
36,3301201100002033001203300033302020202030100330330121101100330301102120012120030210302102111033000001,0.22950819672131148-0.01639344262295082-0.48633879781420764-0.2677595628415301
36,2130030032133223122131322330303221323221332131312123232223212312300000031231233131333032213131222232,0.22950819672131148-0.01639344262295082-0.48633879781420764-0.2677595628415301
36,1010000101110110010100100001010000001011000100000001000011001011101011000000110101110101100010011100,0.22950819672131148-0.01639344262295082-0.48633879781420764-0.2677595628415301
36,2031202131203131303031202121313131302031202031303030312031203030302130312030303031303121202031212031,0.22950819672131148-0.01639344262295082-0.48633879781420764-0.2677595628415301
37,2111100002002100301202112111121201030201030020202121100201121030100201120012010012033301111112112011,0.0-0.30714285714285716-0.5-0.19285714285714287
37,2221232213222222132303212231222222221300032212332133003221222121303221321221231303313323123122221230,0.0-0.30714285714285716-0.5-0.19285714285714287
37,2323322323332323322223232323322323322222232232323233222223232222223222333323222232232233223233322223,0.0-0.30714285714285716-0.5-0.19285714285714287
37,0313030202030303131303031203131313030203020302131212021203021313031212021312031312121203031203030213,0.0-0.30714285714285716-0.5-0.19285714285714287
38,1201200121020103011030100003301110211002100121010210033030001203333303021200211112030302001010120333,0.46766169154228854-0.18407960199004975-0.3482587064676617-0.0
38,0312212222223313000000030332212313030332212222123122121212230033121213003312130332122123221233333323,0.46766169154228854-0.18407960199004975-0.3482587064676617-0.0
38,2233332223223322222232233332223233323233233322222222332222233223333332223323223222233233223332333222,0.46766169154228854-0.18407960199004975-0.3482587064676617-0.0
38,1313020312031203121202020212030202031212021302020313020302130313120203030303031302031303120313120312,0.46766169154228854-0.18407960199004975-0.3482587064676617-0.0
39,0202110120211211010020301112100201010111021000211111111001201021202102011211212101011011203033330020,0.3275862068965517-0.20689655172413793-0.0-0.46551724137931033
39,0033312230000323122230321233233032212300303212230312303313130313303000000003133213232122323132122223,0.3275862068965517-0.20689655172413793-0.0-0.46551724137931033
39,2232233322233323332222322333323222322333223322223223222333333323232223222233332233222222323222223322,0.3275862068965517-0.20689655172413793-0.0-0.46551724137931033
39,2121203120203130302120202131203120303020312021313121313020213131203131312131313121212131213030203020,0.3275862068965517-0.20689655172413793-0.0-0.46551724137931033
40,3303302102003012121202020102103003330120121212112033033333303033330302120000021201110121102120030010,0.19662921348314608-0.0898876404494382-0.4101123595505618-0.30337078651685395
40,3333322313222121233030303132123030331303232222133332133312213131222133121223232233133212300003033232,0.19662921348314608-0.0898876404494382-0.4101123595505618-0.30337078651685395
40,0001011011101110100000010110001011111010010000101011000011001000001100000010111100101100111111100010,0.19662921348314608-0.0898876404494382-0.4101123595505618-0.30337078651685395
40,2020212021313030312121303121302121213121302030303020202131303020302021212120303031212030202031212030,0.19662921348314608-0.0898876404494382-0.4101123595505618-0.30337078651685395
41,1000330102033001102020210210021110210330103301010121212101103333010012033302030301011112120300011212,0.5416666666666666-0.2916666666666667-0.09722222222222222-0.06944444444444445
41,0303223212323122312130033230321322131330031333003232212121233000321213321221222331213221212303131221,0.5416666666666666-0.2916666666666667-0.09722222222222222-0.06944444444444445
41,1100111001101110100101011011010100111011001101010010001000110000111100110101000100100101110001001010,0.5416666666666666-0.2916666666666667-0.09722222222222222-0.06944444444444445
41,2131203130302021313021203020212030312030313120202031213130313130302130213131312020303130213120303120,0.5416666666666666-0.2916666666666667-0.09722222222222222-0.06944444444444445
42,2010330212120111203303303030120102020202120212000110210121100012121200333330033012101010203000333333,0.24456521739130435-0.16847826086956522-0.3423913043478261-0.24456521739130435
42,3132213032213121313213133033003323033221222223231222121313333131322121223133232322123213121323030000,0.24456521739130435-0.16847826086956522-0.3423913043478261-0.24456521739130435
42,0000111110001001101101001100000100011000111000000010001000111100001011000011101011001100110001000011,0.24456521739130435-0.16847826086956522-0.3423913043478261-0.24456521739130435
42,1203121312031302021203021313130312020213131313030203131312131213031303121202131302030302130213121212,0.24456521739130435-0.16847826086956522-0.3423913043478261-0.24456521739130435
43,2111211121112021212112020112003303021212112100300003330121033303033011211000010121011000202102112121,0.4226190476190476-0.17857142857142858-0.08928571428571429-0.30952380952380953
43,2222303000000031323223133132230030000032300322230000003030030033123131231221213321331330323132213232,0.4226190476190476-0.17857142857142858-0.08928571428571429-0.30952380952380953
43,3332333333233322333223233233332233323222222323232222322223333323333332223232333332332332232222322323,0.4226190476190476-0.17857142857142858-0.08928571428571429-0.30952380952380953
43,2121213120313120212020203030313021213031312130312030303131312121302121202130302120313020203120303120,0.4226190476190476-0.17857142857142858-0.08928571428571429-0.30952380952380953
44,2012120021011111202110303021111202001211210200100102110203333330003303330100033301002101000302003011,0.15384615384615385-0.2087912087912088-0.45054945054945056-0.18681318681318682
44,0300003213222303123030312303132223132212222230033312333230323130003312333131322121233333232213122133,0.15384615384615385-0.2087912087912088-0.45054945054945056-0.18681318681318682
44,2222333223333332323322322222223332223233322332222233322333232223223322233233223323222322322232223222,0.15384615384615385-0.2087912087912088-0.45054945054945056-0.18681318681318682
44,2021302020203120212120202030302131313130312031313021202031202130302121213121203121313030213130303021,0.15384615384615385-0.2087912087912088-0.45054945054945056-0.18681318681318682
45,3330121211211212020002120121030211211210212033011200330000021012103021033033303011020011001202012102,0.3067484662576687-0.024539877300613498-0.2331288343558282-0.43558282208588955
45,3122212233332312223123313031213312222123223123332222221313221312122332230313132221230312300000032121,0.3067484662576687-0.024539877300613498-0.2331288343558282-0.43558282208588955
45,3323222333232323232332322223333323323333232233222333223233333322323332223322232232323233233323223222,0.3067484662576687-0.024539877300613498-0.2331288343558282-0.43558282208588955
45,0203120313121203121202131212020203021213020203030312121203031302131212020312030303030303030312130212,0.3067484662576687-0.024539877300613498-0.2331288343558282-0.43558282208588955
46,0112110212120333330330203300020033030211103021212030330011202030303330200103330112003302020302033030,0.2689393939393939-0.375-0.3068181818181818-0.04924242424242424
46,1222321303233130031212132121330000312221230312121231232231313222223122222300032121230300003221321321,0.2689393939393939-0.375-0.3068181818181818-0.04924242424242424
46,2333333322232323223333222222233223322233322223322222323322333233332232323322323232323333222233223323,0.2689393939393939-0.375-0.3068181818181818-0.04924242424242424
46,3120312121213121313031302021303030302020203020302131213131313121313020312030212031302030202120202130,0.2689393939393939-0.375-0.3068181818181818-0.04924242424242424
47,2001103021012103330301103011021000212001210103011201030020121112012003021002121200121212001112030300,0.41358024691358025-0.2962962962962963-0.12345679012345678-0.16666666666666666
47,2223230003131313312333222212303003300322312230003223213303032222233223321300332123300003212300323130,0.41358024691358025-0.2962962962962963-0.12345679012345678-0.16666666666666666
47,1010101110011011011111111010010011110010010111010011000110001001000111111110100100110101110111010111,0.41358024691358025-0.2962962962962963-0.12345679012345678-0.16666666666666666
47,1303130203131302120302121303130313121312131213131313120312131213130203020312031213131303130212020213,0.41358024691358025-0.2962962962962963-0.12345679012345678-0.16666666666666666
48,0333302020333003330212120100330330202000101120120202020330120210002021030033011210030303000121200212,0.34523809523809523-0.36507936507936506-0.007936507936507936-0.28174603174603174
48,0003033303222300000000032123032303000003313212332330321322131232213131232230000003213130000312132330,0.34523809523809523-0.36507936507936506-0.007936507936507936-0.28174603174603174
48,1111101101110011100100000000001110101110011010011100111000101000001001111010001100011100110011111111,0.34523809523809523-0.36507936507936506-0.007936507936507936-0.28174603174603174
48,3020213021202130303131203121212120203021312020213130203021313031313020212020212021312020212031202020,0.34523809523809523-0.36507936507936506-0.007936507936507936-0.28174603174603174
49,1021212020111110001212030020333333301003030210330030120301210202020333012121211102033330120003020333,0.3104693140794224-0.3574007220216607-0.13357400722021662-0.19855595667870035
49,2213130031232322313223122122222223303213221221312121313213323033330323223133131233222323231222222331,0.3104693140794224-0.3574007220216607-0.13357400722021662-0.19855595667870035
49,1101111001101001011011011001000000111110100110110000100011101000010111101100001001000101001110001000,0.3104693140794224-0.3574007220216607-0.13357400722021662-0.19855595667870035
49,0202130202120203131303131313031312021312120213131312130203020313130312131212031203121302131203021302,0.3104693140794224-0.3574007220216607-0.13357400722021662-0.19855595667870035
50,2020301003020121210000033330202030302002120012030000121010200112120120101201030112121103330200111010,0.0045871559633027525-0.22935779816513763-0.3577981651376147-0.40825688073394495
50,2123030332121221312122223312212123330300031331323332330321303221213131221221330333323212213130303132,0.0045871559633027525-0.22935779816513763-0.3577981651376147-0.40825688073394495
50,3332323233223323322232233333223233322333333323322332322223232232223222222322323323323222222233233233,0.0045871559633027525-0.22935779816513763-0.3577981651376147-0.40825688073394495
50,0303030303031302031303030302131313020312131212031212131302030303020203031303120302131202131203021203,0.0045871559633027525-0.22935779816513763-0.3577981651376147-0.40825688073394495
51,0211102101033011033030100030110210030201211120101202011110020302033010000210121120010333301210012000,0.2268041237113402-0.08762886597938144-0.27319587628865977-0.41237113402061853
51,3312303322133233000030330333003212303133323313230033131333323230033131232312121330331333300300300322,0.2268041237113402-0.08762886597938144-0.27319587628865977-0.41237113402061853
51,0001000111001011011111011110001000010111000101001101011000010001010011110100001111111111101111101000,0.2268041237113402-0.08762886597938144-0.27319587628865977-0.41237113402061853
51,3121302130213030303021303020203030312030303120313020213120203020202031312130302131312130303021303031,0.2268041237113402-0.08762886597938144-0.27319587628865977-0.41237113402061853
52,2103000211121200301101120121202001200210110030200120020333033012112120201111120002003330210003330003,0.34705882352941175-0.12941176470588237-0.40588235294117647-0.11764705882352941
52,1232303031213303131232123221232323030000000303000030322131331212133303030332313030303212323213333123,0.34705882352941175-0.12941176470588237-0.40588235294117647-0.11764705882352941
52,0011010010100000100100110101011000010011010000111000110011000000111111010010100010111101100010111001,0.34705882352941175-0.12941176470588237-0.40588235294117647-0.11764705882352941
52,2021202021213020302031313020302130212130202021203021202030312121313121213020303020312130303131213031,0.34705882352941175-0.12941176470588237-0.40588235294117647-0.11764705882352941
53,1212111020021120202002121210303301121112101200121011020102110201200121011030001210303033330300333001,0.4036144578313253-0.4457831325301205-0.03614457831325301-0.1144578313253012
53,3232231213131222230030000322132121330000003132332213121333000313031322231223132223132212312212123033,0.4036144578313253-0.4457831325301205-0.03614457831325301-0.1144578313253012
53,3232322323222332322323222322222322233232333222332322323332222332232222333322322232223223333223232333,0.4036144578313253-0.4457831325301205-0.03614457831325301-0.1144578313253012
53,1312031202131202131303021313120202020302030313121302031312131213130312121212130212120202021303121202,0.4036144578313253-0.4457831325301205-0.03614457831325301-0.1144578313253012
54,1212121111100200020212000033330210303301121121001202020333003303330103033030203300110211121021030203,0.2558139534883721-0.11627906976744186-0.25-0.37790697674418605
54,0313133000303132300033122323030003132313223033122313003003221213132123131312130033230321331222121212,0.2558139534883721-0.11627906976744186-0.25-0.37790697674418605
54,0011100111100011100001001111000000111111010111111000010101011111001010100100101010100101101011001011,0.2558139534883721-0.11627906976744186-0.25-0.37790697674418605
54,3120203031213120202030213120303020312031303030313020312131302120203031212130213120303031303020312020,0.2558139534883721-0.11627906976744186-0.25-0.37790697674418605
55,1021212002120011120021103002103330111212030110021112010333010020302033033300002020201101001102021212,0.3389121338912134-0.39748953974895396-0.2175732217573222-0.04602510460251046
55,1313312123000031223031303313122122123130030030321322132121331313300000033312223133122222132213131323,0.3389121338912134-0.39748953974895396-0.2175732217573222-0.04602510460251046
55,3232222233322322232322222222222322322232233323223323222332322232223232223332222232233322323333333232,0.3389121338912134-0.39748953974895396-0.2175732217573222-0.04602510460251046
55,2021202021302021212131303120312030303021313030313030313030202030203020302130203020213120202020203131,0.3389121338912134-0.39748953974895396-0.2175732217573222-0.04602510460251046
56,3011010020121211110302011203021112030121202020301033012033020110211011021003300212003020010212111103,0.3460207612456747-0.04498269896193772-0.328719723183391-0.28027681660899656
56,3121230332212300000030033003322132213000000321322121223000033303031213222133032130000313031300330003,0.3460207612456747-0.04498269896193772-0.328719723183391-0.28027681660899656
56,1101101110010011000010011010000100010000100110001110110100111011000000011001011111000000010110101111,0.3460207612456747-0.04498269896193772-0.328719723183391-0.28027681660899656
56,2131212030313020202030202130212121312030202130312031302030203131213020212020302130303021202031312030,0.3460207612456747-0.04498269896193772-0.328719723183391-0.28027681660899656
57,0030020211010003301000303003001202002112111210100121212011111011201211103302011021102101112020203030,0.08021390374331551-0.36363636363636365-0.32085561497326204-0.23529411764705882
57,3321312300003333221300031312213322332313003121323332132331230330003032313223131330003312123321332130,0.08021390374331551-0.36363636363636365-0.32085561497326204-0.23529411764705882
57,0000000100001011101100010110001100110010100100001011010001110110001011000000000100110001110011001101,0.08021390374331551-0.36363636363636365-0.32085561497326204-0.23529411764705882
57,2031202020203121302121212121212120313031202021303120302031302121202020202130303130312030313130312030,0.08021390374331551-0.36363636363636365-0.32085561497326204-0.23529411764705882
58,3011020102020302112102033301211211030010212000330202111010102120010120202003330110202121211200120020,0.0-0.35023041474654376-0.35023041474654376-0.2995391705069124
58,3313330303003212123300033231332330032303322121303000300030033321322300000313221323213123223223321221,0.0-0.35023041474654376-0.35023041474654376-0.2995391705069124
58,3332323233323233223232332322233223322322332233232333232223323233332222232323333232332223333322332323,0.0-0.35023041474654376-0.35023041474654376-0.2995391705069124
58,3120203121302130213131302020202131213120213020202030303031303130212121303130302021312130212031312131,0.0-0.35023041474654376-0.35023041474654376-0.2995391705069124
59,1020110212020212120302010110211111211033330010001211211120021112020211100033330333021033333012020300,0.2857142857142857-0.10204081632653061-0.32653061224489793-0.2857142857142857
59,3121321323003233132321222123230313131223313033130323000033221222330300003233003131232221323231212131,0.2857142857142857-0.10204081632653061-0.32653061224489793-0.2857142857142857
59,0011000010001101110001100001100101111001000000111000110001011101110011000000111101011110111000100010,0.2857142857142857-0.10204081632653061-0.32653061224489793-0.2857142857142857
59,2020213031303131212130213030213121303030302020212130313131312020313130213030303121203120212020213120,0.2857142857142857-0.10204081632653061-0.32653061224489793-0.2857142857142857
60,1110121120103333302120202110301100200021010330121211212102120033001210203002121200210101020302121010,0.2819548872180451-0.10526315789473684-0.2894736842105263-0.3233082706766917
60,1333222303232313303033121223323332330330003333031213000031213000003003300000322230312131300333123230,0.2819548872180451-0.10526315789473684-0.2894736842105263-0.3233082706766917
60,0011001010100010011001010010110101101001100110101111010010101101011110010011101010100100101000111110,0.2819548872180451-0.10526315789473684-0.2894736842105263-0.3233082706766917
60,0312031313120303121212131303021302121303030303020213031302131303131313021303130302131313031213131312,0.2819548872180451-0.10526315789473684-0.2894736842105263-0.3233082706766917
61,0300302012021121020121210203301201121103020110030333011101033333330112021102010110303301101020002100,0.2191780821917808-0.3287671232876712-0.2465753424657534-0.2054794520547945
61,2223030003313323213303030000333130303033123032122303312313003303030300003030031322313000033313212222,0.2191780821917808-0.3287671232876712-0.2465753424657534-0.2054794520547945
61,0010001100001011110111010011000101111011010001110010011000111001011110101010000001101010111110111100,0.2191780821917808-0.3287671232876712-0.2465753424657534-0.2054794520547945
61,1302020202131212130312020212020203130213020213131313021203031313020203121303031303130202121202031302,0.2191780821917808-0.3287671232876712-0.2465753424657534-0.2054794520547945
62,0211121021112000330330112010202020212033021120120200330301210020003333333030210030033302103001210111,0.025-0.4083333333333333-0.11666666666666667-0.45
62,2122313123223003221323121213313303312221230330003312333300032213312322130003333122131332313300313321,0.025-0.4083333333333333-0.11666666666666667-0.45
62,2323223233323333222323233323323223323222232223333222223232222322233222233332323222233233222332233323,0.025-0.4083333333333333-0.11666666666666667-0.45
62,2131313131203031313131202120213121202120303021203030302131302021212121212131303120202121302020303131,0.025-0.4083333333333333-0.11666666666666667-0.45
63,0212000012033330001101121103330110200012030020021020110333001012120211210200211210120101110121003030,0.019417475728155338-0.2912621359223301-0.24271844660194175-0.44660194174757284
63,3003300332123212122322330312122130322133130330033032123222332213303212322230313233312121223130323130,0.019417475728155338-0.2912621359223301-0.24271844660194175-0.44660194174757284
63,1001101001010110001111010100111110010011110100110100010010011101101101110000011001001110100101000010,0.019417475728155338-0.2912621359223301-0.24271844660194175-0.44660194174757284
63,2031303130213130213031212130213030313130312021213030313121203030212121313131312121303020303030212031,0.019417475728155338-0.2912621359223301-0.24271844660194175-0.44660194174757284
64,2101033010201102110333003001201210110033302030111030212030112012112101210121121200033012000300202120,0.36-0.24-0.09818181818181818-0.3018181818181818
64,1213313000332332313330330033222123222221231322122121330003222300322222123233131222133123300030000030,0.36-0.24-0.09818181818181818-0.3018181818181818
64,1000011001000001110001011010100001001110010100110101110111111101000001010101100011100010011110001111,0.36-0.24-0.09818181818181818-0.3018181818181818
64,0202120303031203031312121302131203021213130302121203120212020312031203030212031212020203020312130303,0.36-0.24-0.09818181818181818-0.3018181818181818
65,1030120020030302100002110330020003021021121001100020102030212021201102111211100033302030112100120001,0.46107784431137727-0.10179640718562874-0.24550898203592814-0.19161676646706588
65,2123333003030332122323221312331332212122232133122123333030000313031213031221222231213003313031222303,0.46107784431137727-0.10179640718562874-0.24550898203592814-0.19161676646706588
65,2333333233222322322332332322322333323222232332233333232232222323223232222332223322222223323222232233,0.46107784431137727-0.10179640718562874-0.24550898203592814-0.19161676646706588
65,1313020213130202121302121203020303131212131313030313020213120203130313031302120312020312130213021303,0.46107784431137727-0.10179640718562874-0.24550898203592814-0.19161676646706588
66,2102103333001210300301211202100121010303030033001210110301203333333333333301110202012120112121100102,0.03125-0.375-0.53125-0.0625
66,0000000000332312123222330003030313000300323223003322313031223133132212332333213232222221303130003031,0.03125-0.375-0.53125-0.0625
66,1110101001011111111011101010110011110001101001000101011011101110101100001001000001111101000100111100,0.03125-0.375-0.53125-0.0625
66,1212120212130313130312021312030212021303031202121302131203130303130213031202130212131212031203031212,0.03125-0.375-0.53125-0.0625
67,0201103010020001110300110210202012102020300201120211200210100111212110102021202020203301200301212020,0.24149659863945577-0.3197278911564626-0.282312925170068-0.1564625850340136
67,3223222133131333222221332212303222212230032332213230332300323222222230030000000321221221313123121213,0.24149659863945577-0.3197278911564626-0.282312925170068-0.1564625850340136
67,2333223222322322333333233232323323323222232333333322223232232332323333333222332333323222322333323332,0.24149659863945577-0.3197278911564626-0.282312925170068-0.1564625850340136
67,2120312030202121202131302031202130312131202030203120312131213030312020303120302031312031203020202121,0.24149659863945577-0.3197278911564626-0.282312925170068-0.1564625850340136
68,3330120302102011211021121000112121120330333333010101120333301110330003020121012003330120121020012001,0.31785714285714284-0.2892857142857143-0.26785714285714285-0.125
68,0313313121331322130032313222303212221313123121313030303003130313000003231312313130303122222131222232,0.31785714285714284-0.2892857142857143-0.26785714285714285-0.125
68,1010110101111111110010010110100111101000110011010110101010011011100010000100001111001000001110011000,0.31785714285714284-0.2892857142857143-0.26785714285714285-0.125
68,0202120203030312031313130312120313120203030203131202020202020212020313130312031302120212020313031203,0.31785714285714284-0.2892857142857143-0.26785714285714285-0.125
69,1211111101111203020333333033333302030333333301121012112100303300102000200200333333330330010210301100,0.4325581395348837-0.40930232558139534-0.11627906976744186-0.04186046511627907
69,0330321312323121313131300330031333033333123303331223031330000000000003122332213333133121300003212333,0.4325581395348837-0.40930232558139534-0.11627906976744186-0.04186046511627907
69,1110101111100110101001011001101111011101111101101000000010110110111001011100011001011111001000110010,0.4325581395348837-0.40930232558139534-0.11627906976744186-0.04186046511627907
69,0312021202121313121203130312131213120303131202030303031313120303131203131212131312121302020212021213,0.4325581395348837-0.40930232558139534-0.11627906976744186-0.04186046511627907
70,1010121021212033333300003333030212120303021111100030210030011201120120120100200033020110212112103333,0.42857142857142855-0.047619047619047616-0.38095238095238093-0.14285714285714285
70,3003321230330000303133313003332132133312312230322130030312312313000030303300300032212123303213000030,0.42857142857142855-0.047619047619047616-0.38095238095238093-0.14285714285714285
70,1100000011000110110011000000110110011010011101110101110110001100000101010101010010001100100000100000,0.42857142857142855-0.047619047619047616-0.38095238095238093-0.14285714285714285
70,3030213020213021202120302130303121213131202130202121202020203130313130302021213131302030202131203031,0.42857142857142855-0.047619047619047616-0.38095238095238093-0.14285714285714285
71,2030202121212101030303303301002030112121112020333011211103333012121111021200021033303333333030303330,0.09947643979057591-0.2879581151832461-0.25654450261780104-0.35602094240837695
71,3321222223030323313003133130030032223300321212212333123233000030313003212213031303123331212131323000,0.09947643979057591-0.2879581151832461-0.25654450261780104-0.35602094240837695
71,0101110111001101111010101000110111111110101010011000001011011111000001110011001011111010111111101010,0.09947643979057591-0.2879581151832461-0.25654450261780104-0.35602094240837695
71,0313020202120203121213121303020312130302031313030312121313021213121213021213031212130212020312030313,0.09947643979057591-0.2879581151832461-0.25654450261780104-0.35602094240837695
72,1020103330100212112103303012111102110330303330210033330210103030333020301121110333001120203300333330,0.21621621621621623-0.05945945945945946-0.22702702702702704-0.4972972972972973
72,1313213300321303312121213312213322123330003232230032123122122131231330000333000330000300312331312303,0.21621621621621623-0.05945945945945946-0.22702702702702704-0.4972972972972973
72,0101100111101011110000110110011100010000000100100000000101010000111010000100010111111000010100101010,0.21621621621621623-0.05945945945945946-0.22702702702702704-0.4972972972972973
72,2021312130212020213121212120303021302030202130312020203031303121203121312120213121202030303121302021,0.21621621621621623-0.05945945945945946-0.22702702702702704-0.4972972972972973
73,1211033011021111111202100001111120201101201202102021212001002021112021021200033333330301121000033301,0.07894736842105263-0.21052631578947367-0.13157894736842105-0.5789473684210527
73,1300000000321323033212332223003230030000031303331233000031313300030312321223300003221323130303122313,0.07894736842105263-0.21052631578947367-0.13157894736842105-0.5789473684210527
73,2223333322322233332322233233323322222332322333223333232222323223332232222232332333232232223232323222,0.07894736842105263-0.21052631578947367-0.13157894736842105-0.5789473684210527
73,3120213020312131203021302120303031303121312120302120313030213120312031202030213021202130202020313031,0.07894736842105263-0.21052631578947367-0.13157894736842105-0.5789473684210527
74,0121211120103333011020111011112001011100111110120033330333000112121030021210020212033330020200330303,0.5870967741935483-0.23870967741935484-0.17419354838709677-0.0
74,3313032321222122213033213031233123321212222212313033032123300000032232300032313223000313003030030303,0.5870967741935483-0.23870967741935484-0.17419354838709677-0.0
74,0010001110010011011000001011010110011010010100111110010101101101001101010000101100110101000111011011,0.5870967741935483-0.23870967741935484-0.17419354838709677-0.0
74,0212130313021213130303121213120312131303021202131302031203020313030312121213130303121303121202130303,0.5870967741935483-0.23870967741935484-0.17419354838709677-0.0
75,1021203303301021033300330330333012012033333003330301002010102010102033300211030021012120330121210200,0.1657142857142857-0.36-0.32-0.15428571428571428
75,0032213131312303213312300322122212223332300033030313212233221231300003300033000312300331222231303231,0.1657142857142857-0.36-0.32-0.15428571428571428
75,1011010010011100001111010100110011110111100011101111111111011000101101011011010011110110001001111001,0.1657142857142857-0.36-0.32-0.15428571428571428
75,2020212131303021303031312120313031203131303031203031313120213030212121203121202121302020203030303021,0.1657142857142857-0.36-0.32-0.15428571428571428
76,0201012020330211103000010021201210012021021101202003033011203002011100120211100121121011200121101110,0.016666666666666666-0.05-0.5-0.43333333333333335
76,0312133030000313313322223122230032333221313033121212221321323303031323331303000323221212321333213313,0.016666666666666666-0.05-0.5-0.43333333333333335
76,0000000101010000000010011000011001101110111111111111101101100000001111100010010100101001101110000000,0.016666666666666666-0.05-0.5-0.43333333333333335
76,1212131313021203120202031212030312130302121202021312121312131203131303130313030313131213030302020312,0.016666666666666666-0.05-0.5-0.43333333333333335
77,0121103301003333330002030033033330010301120021033001020201121003330211120121201202033011212021010011,0.2904761904761905-0.3952380952380952-0.03333333333333333-0.28095238095238095
77,2122303122122231212223213313133000030033000000031231212123131221233222122130033212332121323323321332,0.2904761904761905-0.3952380952380952-0.03333333333333333-0.28095238095238095
77,3332222333233333222232222223323222232222223222233323232222233232222322222322233322332323233322322322,0.2904761904761905-0.3952380952380952-0.03333333333333333-0.28095238095238095
77,2031303120302120212031212131212121213020312120303020212121312020313021303030202031312121213130313120,0.2904761904761905-0.3952380952380952-0.03333333333333333-0.28095238095238095
78,2110301201030120121002102100110201211200333330120101011001212000330033302012033333020200212121030301,0.09302325581395349-0.040697674418604654-0.28488372093023256-0.5813953488372093
78,0003300332131313003233003312230003230033031213312313233132123221222233312321333003213003300003222313,0.09302325581395349-0.040697674418604654-0.28488372093023256-0.5813953488372093
78,2333223333322233332232223223232332332233323223332323323223322222222333323222223333323223323332323233,0.09302325581395349-0.040697674418604654-0.28488372093023256-0.5813953488372093
78,3021213120202021213131303021213131213121203130303021313130302031302030212130213130302131303130302031,0.09302325581395349-0.040697674418604654-0.28488372093023256-0.5813953488372093
79,0020210101033002120302010112020021033330102012020012020210211200000203033002100212100111200302030103,0.4517766497461929-0.16751269035532995-0.38071065989847713-0.0
79,0033033303312221213032332212133303121330030031303230032213212122313331230033231333122131303131331321,0.4517766497461929-0.16751269035532995-0.38071065989847713-0.0
79,1100010111000101001011100000001000000001001100010100111010011100101001100110000011011011110100110101,0.4517766497461929-0.16751269035532995-0.38071065989847713-0.0
79,3020212030302121303021313030312121203020213021302131312130313021202030202021203131303031203121203031,0.4517766497461929-0.16751269035532995-0.38071065989847713-0.0
80,1111121103333333000333030021020103020333330120212110112021201211012012000212010301121202110303301200,0.09375-0.21354166666666666-0.3645833333333333-0.328125
80,3000332221333333000003000003132122121212230322121300031230032222331312123031332121322222232133000321,0.09375-0.21354166666666666-0.3645833333333333-0.328125
80,1011010001111110111100110101001001111001011101010111011111100011100010011010010011011000011101111111,0.09375-0.21354166666666666-0.3645833333333333-0.328125
80,3121303030303131303121313031202130203121212031303020312020312021212020313030203020212130213130302030,0.09375-0.21354166666666666-0.3645833333333333-0.328125
81,0201110033300010210303330030300201111121202033333302103333333330333030333020301010011212020333333333,0.21362229102167182-0.2693498452012384-0.2848297213622291-0.23219814241486067
81,3213213121213312121212321222121313031221300030321313131312121321222303213123212122231321232322123231,0.21362229102167182-0.2693498452012384-0.2848297213622291-0.23219814241486067
81,2333323223322222223333323233323223232323322232232322332223332222223232332223233333222223222223323332,0.21362229102167182-0.2693498452012384-0.2848297213622291-0.23219814241486067
81,3021302121203120302020203120212120202130202021302030313030313130202020302120302031313130212021213121,0.21362229102167182-0.2693498452012384-0.2848297213622291-0.23219814241486067
82,1120212110203030103303010020011001120333011020211002011200333330020300002100210120010033011212103030,0.18110236220472442-0.2283464566929134-0.047244094488188976-0.5433070866141733
82,1322121303030033032333003131231312123213212122221231330032121213303213000030303000003133221221322223,0.18110236220472442-0.2283464566929134-0.047244094488188976-0.5433070866141733
82,3222223232222223233223222232323323323233233333332332323233223223232333222332223322323322232323223333,0.18110236220472442-0.2283464566929134-0.047244094488188976-0.5433070866141733
82,3130213021213121303021313031213020213021302020203021212020302130202121203130313021303120303020312030,0.18110236220472442-0.2283464566929134-0.047244094488188976-0.5433070866141733
83,1010302102011203302110010012033300003033033030203330103003001210020033030212110112120030203012033033,0.10434782608695652-0.16521739130434782-0.3826086956521739-0.34782608695652173
83,0322223003130312312223033000313030000000033033131332121303213322322321221212131223221312221313033312,0.10434782608695652-0.16521739130434782-0.3826086956521739-0.34782608695652173
83,1110010110101010100001111101110000001001000001000010100000000011000101001101110100101000101110111110,0.10434782608695652-0.16521739130434782-0.3826086956521739-0.34782608695652173
83,3130313031313030213020213130313130302130202130312121213120303131213031312121212120212131203030312020,0.10434782608695652-0.16521739130434782-0.3826086956521739-0.34782608695652173
84,3302000112030120121112021210302030330301203330211030330001120202010300121210021120020212103011012110,0.0811965811965812-0.41452991452991456-0.15384615384615385-0.3504273504273504
84,2122313212213213122232131322131303312223321321331332213131323133330312321331322121230030323312132122,0.0811965811965812-0.41452991452991456-0.15384615384615385-0.3504273504273504
84,3222232222232232233232232323223222333323222232233323323233232323322222323323223222223233323232333223,0.0811965811965812-0.41452991452991456-0.15384615384615385-0.3504273504273504
84,2030202030203020302120203131302130203031202131302021202020313120303031312021312021302130302031303130,0.0811965811965812-0.41452991452991456-0.15384615384615385-0.3504273504273504
85,3003020330103010203021120210030200202003301211202101111112010100210202121201200120021030211200110033,0.25-0.04-0.27-0.44
85,1331213003230321222122300312221233212213222221233131212213213313003132221303300321312121321321313131,0.25-0.04-0.27-0.44
85,0100001000010000000101000111011101010101011000110000011001001001001011001110111010101100010110111010,0.25-0.04-0.27-0.44
85,3120313031313121213030212131302131203121202130313020202020312131303121212130302031202021213120202021,0.25-0.04-0.27-0.44
86,2112103020202002011012021121201012111003021203333000103011202011102102020011203030330101020121203330,0.2235294117647059-0.39215686274509803-0.25882352941176473-0.12549019607843137
86,2313122233322313133030003221303323122121232323333003132303321221221322223030331321300003033003032122,0.2235294117647059-0.39215686274509803-0.25882352941176473-0.12549019607843137
86,1100110100010011111010001111101000011010001100101011011001010011111001111111000111110010000010011110,0.2235294117647059-0.39215686274509803-0.25882352941176473-0.12549019607843137
86,3031212031303120312121303030303030212030212021312020213130203121203120303021302031203120202021312030,0.2235294117647059-0.39215686274509803-0.25882352941176473-0.12549019607843137
87,1203030333020021102021121011103010301033030110333002111120021111112020121021030210011200121021203030,0.2755102040816326-0.04081632653061224-0.09183673469387756-0.5918367346938775
87,1223123123213122303003313031231322121213303330330033033122232122213032133131333121313331232130003123,0.2755102040816326-0.04081632653061224-0.09183673469387756-0.5918367346938775
87,0010001000011100101101011010000111111000000110001010101111101001001011011001111111001110101010011111,0.2755102040816326-0.04081632653061224-0.09183673469387756-0.5918367346938775
87,1303030312130202121202020213031202031212131202130202030203131212131303131213030312130303120312130302,0.2755102040816326-0.04081632653061224-0.09183673469387756-0.5918367346938775
88,3333330033001111101210202103033330200303333002000303302112011212111110010302012011212020001011003333,0.005952380952380952-0.2857142857142857-0.4642857142857143-0.24404761904761904
88,0003130323321212213130032121231313033323003131312132312322232331300033122222313322233323123122223033,0.005952380952380952-0.2857142857142857-0.4642857142857143-0.24404761904761904
88,1010000110011001111101001101000101010100110010011100101100101110100111001000001010110101111001000010,0.005952380952380952-0.2857142857142857-0.4642857142857143-0.24404761904761904
88,0302130203131203021303121213130303131212030212020312020213121213130203131313020212130303030303031212,0.005952380952380952-0.2857142857142857-0.4642857142857143-0.24404761904761904
89,0021120333011120121121200003303330333033300100300000303302010020300102112012020103002030200330302120,0.2122905027932961-0.26256983240223464-0.2681564245810056-0.2569832402234637
89,3122232221300300322231323300331222130033133231333000323122213132123300312232231230003132123332122230,0.2122905027932961-0.26256983240223464-0.2681564245810056-0.2569832402234637
89,3223323323223232223223223322222232322333223232333232322322323332232233223322333223222232232333223222,0.2122905027932961-0.26256983240223464-0.2681564245810056-0.2569832402234637
89,1202130212020313131212031213031312021202120302121303030312130302130213030202021212020212130213131203,0.2122905027932961-0.26256983240223464-0.2681564245810056-0.2569832402234637
90,3302102102020330033302030010120302110120010002033030103002003303021211030102110211202000100001200200,0.03680981595092025-0.018404907975460124-0.4110429447852761-0.5337423312883436
90,2130033031330323000030003130330303130031331212313031232222312323303003030312300323000033033123122123,0.03680981595092025-0.018404907975460124-0.4110429447852761-0.5337423312883436
90,1011011010101000000101010000011001100001111100011100011110011011110011010000011110001110110000101010,0.03680981595092025-0.018404907975460124-0.4110429447852761-0.5337423312883436
90,0302120202021213121303020302131212031213020302121203130303131202121213030213021213031202130303130212,0.03680981595092025-0.018404907975460124-0.4110429447852761-0.5337423312883436
91,1203302030103011033012120210202112103300012112012103010212021121011011200202101201010203030201100333,0.42-0.235-0.23-0.115
91,3313323030000331303230000003000323303122303000033003232231230303003331303121213003033321300003000003,0.42-0.235-0.23-0.115
91,3233322222232322332232223332232222233222222232232222323223232322332233233333232223323222322222233232,0.42-0.235-0.23-0.115
91,0203031303020313121203020203120212030302121303021303031303021203121313021302031313130313131213121302,0.42-0.235-0.23-0.115
92,1112003020333301020210303010002110030110212011033010300301120302030212120010010303333330212102121211,0.0390625-0.3671875-0.3125-0.28125
92,1233003000000323123032213233032123123003000300303213003000030312230312313030303030003122223132121221,0.0390625-0.3671875-0.3125-0.28125
92,2332323323323322222333323233233233323222233232222332232332232223233332333233223333332332333323333222,0.0390625-0.3671875-0.3125-0.28125
92,1202031213031302020303030203030202130303020302130203030303131212120213020213121202130202021213131303,0.0390625-0.3671875-0.3125-0.28125
93,0102020002110333003003333330021033303330112112111210002111212120121012120030212001211200003000021121,0.4262295081967213-0.00546448087431694-0.3333333333333333-0.23497267759562843
93,1303000313121232121231221223322223031231312300333121212313032130032303313223230032123333033131221332,0.4262295081967213-0.00546448087431694-0.3333333333333333-0.23497267759562843
93,3332322232332322232232232323322323232332223232232323322323332223223232322223232223222322223322333223,0.4262295081967213-0.00546448087431694-0.3333333333333333-0.23497267759562843
93,1212021303030302120303121212030302121303130212020303020302030213121313130203130202020202131313031213,0.4262295081967213-0.00546448087431694-0.3333333333333333-0.23497267759562843
94,3330333303303001011033303303021033030120010020200211020111212120110121020120210210303330101121211001,0.4715447154471545-0.5121951219512195-0.008130081300813009-0.008130081300813009
94,0030313233213212232230031323312313130333222333000003233212133003321322121300032130031300003030331323,0.4715447154471545-0.5121951219512195-0.008130081300813009-0.008130081300813009
94,2323222233233332223332222322232332332332332332333333222323332323232332222332332322222333322222333332,0.4715447154471545-0.5121951219512195-0.008130081300813009-0.008130081300813009
94,2120212031203120303031313130203130313030312031303031213020202021202131313030202131302120302021203120,0.4715447154471545-0.5121951219512195-0.008130081300813009-0.008130081300813009
95,3302010300120012121000010012020030210333333012030211101030330100302120110333021202110121030300200333,0.24757281553398058-0.1262135922330097-0.1796116504854369-0.44660194174757284
95,3003132233000031212121322303003213232322333303303221322300303123000032303133123223321212123330003123,0.24757281553398058-0.1262135922330097-0.1796116504854369-0.44660194174757284
95,1000011101000100011001010010110110001110001110011110100001010010101101111000011011001001101000100001,0.24757281553398058-0.1262135922330097-0.1796116504854369-0.44660194174757284
95,0212120313121202120303121312021312131212131302031312020312020302031203130313021203020212131203120203,0.24757281553398058-0.1262135922330097-0.1796116504854369-0.44660194174757284
96,3333301120301020212112121211212103330011110101111030301012103333033330033010001112111030211121120010,0.07272727272727272-0.17272727272727273-0.38181818181818183-0.37272727272727274
96,3123213222303221221213212233133000032122230303230313312122213212233323000032312222213031323031222123,0.07272727272727272-0.17272727272727273-0.38181818181818183-0.37272727272727274
96,3222223223232232322223333232222333223333333332332233333323323332233222333223332222323332332332322222,0.07272727272727272-0.17272727272727273-0.38181818181818183-0.37272727272727274
96,2021213131312121302031213031202031302120303130203120303030202121213131212020213021203131213121303020,0.07272727272727272-0.17272727272727273-0.38181818181818183-0.37272727272727274
97,1210100210202103021102121120012121210333021101033033011111103303033333330200033033001200021121211011,0.33093525179856115-0.05755395683453238-0.31654676258992803-0.2949640287769784
97,1231212333300003033031303000330003230003322122313321221313123000003032212230000330300033130321221212,0.33093525179856115-0.05755395683453238-0.31654676258992803-0.2949640287769784
97,0101010101101000110000101000101000100010000101110111100011000001000011101110100001110101001000011010,0.33093525179856115-0.05755395683453238-0.31654676258992803-0.2949640287769784
97,0202020203031313021312121203030213021312121203020213120213020212120303020202120303020212031313031303,0.33093525179856115-0.05755395683453238-0.31654676258992803-0.2949640287769784
98,0110103021121021111033012020333002120021010330120111020011030201030111121101202102033302011200030120,0.06910569105691057-0.34552845528455284-0.3821138211382114-0.2032520325203252
98,0313233331223312332133212213121303213322131212223003323333121213300313130032212212132303313212313121,0.06910569105691057-0.34552845528455284-0.3821138211382114-0.2032520325203252
98,3223223322232323333233333232222322322233232322333333333233322323222233232232222232223333322233322223,0.06910569105691057-0.34552845528455284-0.3821138211382114-0.2032520325203252
98,1302020212030302020202021202130213120303030312021213031213131212131312030202130202021302130303131212,0.06910569105691057-0.34552845528455284-0.3821138211382114-0.2032520325203252
99,3021201202121000203000300330300202101102033333033302110330112002103010301202102112001003300212103012,0.02857142857142857-0.3523809523809524-0.42857142857142855-0.19047619047619047
99,2223313123221330000300312321230312122232322303030000330332321323033000003213031312232212321223000033,0.02857142857142857-0.3523809523809524-0.42857142857142855-0.19047619047619047
99,0001000111000011111100011011101010111000011100000001111010101011000100100101011011111111001111111101,0.02857142857142857-0.3523809523809524-0.42857142857142855-0.19047619047619047
99,2121213030202031303031213021303130312130212030302030312020312131212130213121312030203031213031213120,0.02857142857142857-0.3523809523809524-0.42857142857142855-0.19047619047619047
